LABEL_KEY_ID,LABEL_KEY
"i_00","i_00_name"
"i_01","i_01_name"
"i_02","i_02_name"
"i_03","i_03_name"
"i_04","i_04_name"
"i_05","i_05_name"
"i_06","i_06_name"
"i_07","i_07_name"
"i_08","i_08_name"
"i_09","i_09_name"
"i_10","i_10_name"
"i_11","i_11_name"
"i_12","i_12_name"
"i_13","i_13_name"
"i_14","i_14_name"
"i_15","i_15_name"
"i_16","i_16_name"
"i_17","i_17_name"
"i_18","i_18_name"
"i_19","i_19_name"
"i_20","i_20_name"
"i_21","i_21_name"
"i_22","i_22_name"
"i_23","i_23_name"
"i_24","i_24_name"
"i_25","i_25_name"
"i_26","i_26_name"
"i_27","i_27_name"
"i_28","i_28_name"
"i_29","i_29_name"
"i_30","i_30_name"
"i_31","i_31_name"
"i_32","i_32_name"
"i_33","i_33_name"
"i_34","i_34_name"
"i_35","i_35_name"
"i_36","i_36_name"
"i_37","i_37_name"
"i_38","i_38_name"
"i_39","i_39_name"
"i_40","i_40_name"
"i_41","i_41_name"
"i_42","i_42_name"
"i_43","i_43_name"
"i_44","i_44_name"
"i_45","i_45_name"
"i_46","i_46_name"
"i_47","i_47_name"
"i_48","i_48_name"
"i_49","i_49_name"
"i_50","i_50_name"
"i_51","i_51_name"
"i_52","i_52_name"
"i_53","i_53_name"
"i_54","i_54_name"
"i_55","i_55_name"
"i_56","i_56_name"
"i_57","i_57_name"
"i_58","i_58_name"
"i_59","i_59_name"
"i_60","i_60_name"
"i_61","i_61_name"
"i_62","i_62_name"
"i_63","i_63_name"
"i_64","i_64_name"
"i_65","i_65_name"
"i_66","i_66_name"
"i_67","i_67_name"
"i_68","i_68_name"
"i_69","i_69_name"
"i_70","i_70_name"
"i_71","i_71_name"
"i_72","i_72_name"
"i_73","i_73_name"
"i_74","i_74_name"
"i_75","i_75_name"
"i_76","i_76_name"
"i_77","i_77_name"
"i_78","i_78_name"
"i_79","i_79_name"
"i_80","i_80_name"
"i_81","i_81_name"
"i_82","i_82_name"
"i_83","i_83_name"
"i_84","i_84_name"
"i_85","i_85_name"
"i_86","i_86_name"
"i_87","i_87_name"
"i_88","i_88_name"
"i_89","i_89_name"
"i_90","i_90_name"
"i_91","i_91_name"
"i_92","i_92_name"
"i_93","i_93_name"
"i_94","i_94_name"
"i_95","i_95_name"
"i_96","i_96_name"
"i_97","i_97_name"
"i_98","i_98_name"
"i_99","i_99_name"
"i_100","hostname"
"i_200","i_200_name"
"i_201","i_201_name"
